var,W,p
gene_count,281,5.361130166469432e-4
genome_size,270,0.0020791145432050785
CAZy,265.5,0.003341356812846874
n_secreted,261,0.005369590819124117
resistome,233.5,0.05775197739505908
SMC,220,0.13973116194424895
TE_len,182,0.7525646373022685
