var,Estimate,StdErr,t.value,p.value
CAZy,-179.85672984082316,59.03333936405472,-3.0466975403789807,0.004380656073506348
genome_size,-12.74910960230627,3.853148340669068,-3.3087513054564854,0.002177511393394157
gene_count,-3917.9839897210186,1107.126332709183,-3.538877067564234,0.0011569629205898998
SMC,-10.754675511534128,5.984665741025355,-1.7970386278735635,0.08096336533037286
n_secreted,-159.02924100704342,58.58247482575991,-2.714621420143811,0.01023099826157396
TE_len,-0.07507224707489701,1.3527797532381192,-0.05549480386234213,0.9560598564121793
resistome,-5.671604412456505,3.020000236449824,-1.8780145590729445,0.06873122433061775
