var,t.value,p.value
OG0000385,-5.14968,3e-5
OG0000569,-5.73469,1e-5
OG0001186,-4.63252,1e-4
OG0001188,-5.05073,3e-5
OG0001514,-5.0483,3e-5
OG0001538,-5.54335,1e-5
OG0003367,-5.19147,2e-5
OG0008903,-5.4856,1e-5
